Id,chuva -3,chuva -2,chuva -1,chuvaA,chuva +1,chuva +2,temp-3,temp-2,temp-1,tempA,temp+1,temp+2,bilro
1,297.3,128.9,67.3,166.3,92.6,157.7,24.82,25.81,26.04,25.24,25.5,25.18,1.27
2,295.2,233.6,166.3,92.6,157.7,124.5,25.81,26.04,25.24,25.5,25.18,23.24,1.81
3,326.2,258.9,92.6,157.7,124.5,168.2,26.04,25.24,25.5,25.18,23.24,22.1,4.61
4,416.6,250.3,157.7,124.5,168.2,218.5,25.24,25.5,25.18,23.24,22.1,19.99,3.98
5,374.8,282.2,124.5,168.2,218.5,31.9,25.5,25.18,23.24,22.1,19.99,20.95,3.80
6,450.4,292.7,168.2,218.5,31.9,136.6,25.18,23.24,22.1,19.99,20.95,21.8,1.98
7,511.2,386.7,218.5,31.9,136.6,44.2,23.24,22.1,19.99,20.95,21.8,23.1,0.82
8,418.6,250.4,31.9,136.6,44.2,130.4,22.1,19.99,20.95,21.8,23.1,23.3,0.62
